City,Cloudiness,Country,Date,Humidity,Lat,Lon,Max Temperature,Wind Speed
Mataura,24,NZ,1543794385,69,-46.19,168.86,76.53,4.72
Sur,8,OM,1543794385,100,22.57,59.53,72.97,1.7
Lumberton,1,US,1543792500,42,30.27,-94.2,73.94,4.7
Cape Town,75,ZA,1543791600,77,-33.93,18.42,64.4,12.75
Dingle,24,PH,1543794385,85,11.0,122.67,79.09,10.42
Bluff,0,AU,1543794386,37,-23.58,149.07,96.19,4.27
Jedovnice,90,CZ,1543791600,99,49.34,16.76,32.0,5.82
Kapaa,90,US,1543791360,56,22.08,-159.32,80.96,13.87
Isangel,20,VU,1543794386,100,-19.55,169.27,78.73,13.0
Kamenka,80,RU,1543794386,90,53.19,44.05,21.4,8.75
Kodiak,90,US,1543792500,97,39.95,-94.76,33.08,18.34
Sobolevo,88,RU,1543794387,85,54.43,31.9,18.07,10.87
Henties Bay,92,NA,1543794387,100,-22.12,14.28,59.88,7.18
Hermanus,44,ZA,1543794387,89,-34.42,19.24,55.69,5.61
Vitim,44,RU,1543794387,35,59.44,112.57,-24.28,2.93
Codrington,90,AU,1543791600,61,-28.95,153.24,77.0,13.87
Atuona,8,PF,1543794388,100,-9.8,-139.03,81.3,12.77
Chokurdakh,56,RU,1543794388,63,70.62,147.9,-7.45,9.75
Namibe,24,AO,1543794388,100,-15.19,12.15,71.58,8.41
Lasa,20,CY,1543791600,77,34.92,32.53,60.8,6.93
Labuhan,12,ID,1543794388,88,-2.54,115.51,78.51,1.59
Clyde River,90,CA,1543792980,84,70.47,-68.59,3.2,14.99
Shelburne,90,CA,1543791600,100,44.08,-80.2,46.4,5.82
Arraial do Cabo,92,BR,1543794389,94,-22.97,-42.02,75.13,12.66
Vaini,0,IN,1543794389,82,15.34,74.49,59.74,4.05
Jamestown,0,AU,1543794389,55,-33.21,138.6,66.63,9.31
Omagari,20,JP,1543791600,81,39.45,140.48,33.8,6.93
Taoudenni,0,ML,1543794390,39,22.68,-3.98,57.4,11.1
Tuktoyaktuk,90,CA,1543791600,92,69.44,-133.03,19.4,25.28
Ambilobe,36,MG,1543794390,100,-13.19,49.05,69.87,2.71
Hambantota,44,LK,1543794391,100,6.12,81.12,77.97,7.52
Svetlogorsk,20,RU,1543793400,85,53.14,59.15,14.0,2.24
Kununurra,24,AU,1543793400,39,-15.77,128.74,95.0,6.93
Dukat,0,RS,1543794391,73,42.44,22.31,18.12,1.92
Xinmin,90,CN,1543793400,65,42.0,122.83,41.0,4.47
Ushuaia,40,AR,1543791600,57,-54.81,-68.31,48.2,36.91
Rikitea,36,PF,1543794392,100,-23.12,-134.97,78.06,12.77
Saint-Philippe,90,CA,1543793700,94,45.36,-73.48,40.1,5.82
Yongan,24,CN,1543794392,55,39.7,113.69,9.43,2.37
Kleinblittersdorf,75,DE,1543792800,93,49.16,7.04,55.4,14.99
Buritis,92,BR,1543794392,94,-15.62,-46.42,71.44,7.63
Methven,24,NZ,1543794393,94,-43.63,171.65,67.8,5.06
Masvingo,24,ZW,1543794393,70,-20.08,30.83,60.96,3.15
Carahue,0,CL,1543791600,53,-38.71,-73.16,71.6,8.05
Kaitangata,48,NZ,1543794393,78,-46.28,169.85,69.51,14.0
Olinda,20,EC,1543791600,65,-2.03,-79.75,80.6,9.17
Bullhead City,20,US,1543791360,16,35.15,-114.57,64.94,13.87
Wakema,20,MM,1543794394,92,16.6,95.18,73.47,3.38
Nikolskoye,75,RU,1543793400,85,59.7,30.79,21.2,4.47
Busselton,0,AU,1543794394,92,-33.64,115.35,67.26,12.21
Faanui,36,PF,1543794394,100,-16.48,-151.75,83.28,16.02
Salinopolis,92,BR,1543794395,98,-0.61,-47.36,81.25,8.75
San Patricio,0,PY,1543794395,54,-26.98,-56.83,65.73,6.29
Vao,68,EE,1543794395,97,59.1,26.19,16.5,8.63
Mecca,0,SA,1543794186,91,21.43,39.83,65.14,2.71
Galesong,20,ID,1543793400,83,-5.32,119.37,80.6,4.7
Cabo San Lucas,40,MX,1543790940,78,22.89,-109.91,77.0,6.93
Yartsevo,76,RU,1543794396,82,55.07,32.69,16.18,9.86
Chabahar,20,IR,1543794396,100,25.29,60.65,72.48,2.48
Sorong,0,ID,1543794396,100,-0.86,131.25,82.11,2.37
Qaanaaq,0,GL,1543794396,100,77.48,-69.36,-9.25,9.19
Albany,90,US,1543792680,100,42.65,-73.75,42.98,8.05
Jagannathpur,0,IN,1543794397,85,19.33,84.87,59.29,2.48
Katsuura,75,JP,1543792140,100,33.93,134.5,55.4,8.05
Bulolo,0,PG,1543794397,73,-7.2,146.64,76.26,1.25
Bredasdorp,64,ZA,1543791600,59,-34.53,20.04,66.2,6.93
Alice Springs,75,AU,1543793400,69,-23.7,133.88,73.4,6.93
Srednekolymsk,56,RU,1543794398,73,67.46,153.71,-2.45,4.5
Hobart,75,AU,1543791720,62,-42.88,147.33,57.2,23.04
Emerald,0,AU,1543791600,36,-23.53,148.16,95.0,5.82
East London,20,ZA,1543794398,100,-33.02,27.91,68.61,6.17
Barrow,0,AR,1543794398,44,-38.31,-60.23,59.7,5.95
Noumea,0,NC,1543793400,27,-22.28,166.46,87.8,11.41
Lebu,0,ET,1543791600,71,8.96,38.73,53.6,9.17
Samarai,0,PG,1543794399,100,-10.62,150.67,83.01,7.4
Thompson,75,CA,1543791600,92,55.74,-97.86,19.4,2.59
Butaritari,0,KI,1543794399,100,3.07,172.79,84.58,3.15
Tommot,68,RU,1543794399,39,58.97,126.27,-26.89,4.61
Port Elizabeth,90,US,1543792980,100,39.31,-74.98,62.6,5.82
Castro,0,CL,1543791600,39,-42.48,-73.76,62.6,4.7
Gat,0,SN,1543791600,50,14.69,-16.54,75.2,11.41
Belaya Gora,80,RU,1543794400,77,68.54,146.19,-7.13,8.3
Prince George,90,CA,1543791600,79,53.92,-122.75,26.6,1.36
Otukpo,64,NG,1543794401,70,7.19,8.13,77.65,10.2
Maniitsoq,64,GL,1543794401,100,65.42,-52.9,19.24,7.63
Puerto Ayora,75,EC,1543791600,54,-0.74,-90.35,78.8,11.41
Fortuna,0,ES,1543791600,42,38.18,-1.13,66.2,12.75
Fairbanks,90,US,1543791360,87,64.84,-147.72,19.4,7.96
Punta Arenas,75,CL,1543791600,62,-53.16,-70.91,53.6,18.34
La Romana,20,DO,1543791600,78,18.43,-68.97,78.8,6.93
Berlevag,0,NO,1543794402,100,70.86,29.09,30.45,15.01
Palmer,90,US,1543791360,52,61.6,-149.11,37.94,9.17
Carnarvon,0,ZA,1543794402,46,-30.97,22.13,56.46,9.64
Tuatapere,8,NZ,1543794403,66,-46.13,167.69,67.17,9.64
Evensk,20,RU,1543794403,100,61.92,159.24,-7.22,5.95
Bowen,0,AU,1543791600,52,-20.01,148.25,89.6,13.87
Jatibarang,36,ID,1543794403,93,-6.47,108.3,75.49,3.38
Surt,92,LY,1543794403,100,31.21,16.59,59.65,11.21
Hamilton,75,BM,1543791300,77,32.3,-64.78,69.8,14.99
Katsina,0,NG,1543794404,65,12.99,7.6,64.11,4.16
Port Macquarie,40,AU,1543791600,49,-31.43,152.91,73.4,5.82
Jiutai,20,CN,1543791600,41,44.15,125.84,39.2,8.95
Sistranda,75,NO,1543791000,87,63.73,8.83,42.8,10.29
Arak,0,IR,1543794405,97,34.1,49.69,27.93,3.27
Khash,24,IR,1543794405,79,28.22,61.21,29.73,2.71
Baykit,56,RU,1543794405,48,61.68,96.39,-30.22,3.15
Saint George,20,GR,1543791000,100,39.45,22.34,39.2,2.82
Chippewa Falls,90,US,1543793700,69,44.94,-91.39,32.0,17.22
Souillac,90,FR,1543791600,93,45.6,-0.6,55.4,17.22
Lazaro Cardenas,20,MX,1543790880,19,28.39,-105.62,75.2,16.11
Abu Dhabi,0,AE,1543791600,73,24.47,54.37,71.6,2.24
New Norfolk,75,AU,1543791720,62,-42.78,147.06,57.2,23.04
Huilong,92,CN,1543794406,98,28.89,110.18,50.07,5.06
Kautokeino,88,NO,1543794406,86,69.01,23.04,30.0,11.77
Grindavik,20,IS,1543793400,73,63.84,-22.43,26.6,10.29
Sao Filipe,92,CV,1543794407,94,14.9,-24.5,76.08,10.87
Tazovskiy,0,RU,1543794407,0,67.47,78.7,-37.06,4.5
Vardo,90,US,1543792800,100,39.62,-77.74,51.8,5.82
Brainerd,90,US,1543793700,73,46.36,-94.2,28.4,11.41
Elk Grove,1,US,1543792800,54,38.41,-121.37,57.92,9.17
Pochutla,75,MX,1543790400,66,15.74,-96.47,86.0,5.82
Cedar City,75,US,1543791180,55,37.68,-113.06,32.0,4.7
Avarua,20,CK,1543791600,69,-21.21,-159.78,82.4,11.41
Verkhnyaya Sinyachikha,0,RU,1543794408,70,57.98,61.67,7.27,2.48
Vestmannaeyjar,8,IS,1543794408,100,63.44,-20.27,27.7,16.24
Buraydah,0,SA,1543791600,100,26.33,43.97,59.0,8.05
Port Alfred,0,ZA,1543794408,100,-33.59,26.89,64.24,8.75
Merauke,8,ID,1543794409,94,-8.49,140.4,85.12,4.16
Den Helder,90,NL,1543793100,93,52.96,4.76,53.6,18.34
Karratha,68,AU,1543794409,80,-20.74,116.85,73.33,4.61
Chuy,0,UY,1543794409,76,-33.69,-53.46,56.1,14.23
Thinadhoo,80,MV,1543794409,100,0.53,72.93,82.33,10.09
Half Moon Bay,1,US,1543794000,66,37.46,-122.43,57.2,8.05
Alyangula,75,AU,1543791600,70,-13.85,136.42,87.8,12.75
Leningradskiy,88,RU,1543794410,100,69.38,178.42,9.93,31.79
Geraldton,90,CA,1543791600,79,49.72,-86.95,19.4,10.29
Kavieng,100,PG,1543794410,98,-2.57,150.8,86.2,3.71
Sorland,92,NO,1543794410,100,67.67,12.69,43.18,37.16
Sarangani,44,PH,1543794410,100,5.4,125.46,82.02,10.65
Brigantine,90,US,1543792800,100,39.41,-74.36,62.96,9.17
Kalawit,0,PH,1543794411,83,7.91,122.53,81.07,4.16
Angoche,0,MZ,1543794411,100,-16.23,39.91,78.64,6.4
Ratnapura,0,IN,1543794411,91,17.9,77.63,59.29,5.28
Longyearbyen,75,NO,1543791000,79,78.22,15.63,24.8,33.33
Severo-Kurilsk,44,RU,1543794411,100,50.68,156.12,28.83,11.88
Mar del Plata,0,AR,1543794412,27,-46.43,-67.52,73.2,10.2
Tiksi,32,RU,1543794412,72,71.64,128.87,-5.83,9.98
Betare Oya,68,CM,1543794412,52,5.6,14.08,78.55,4.94
Regina,90,CA,1543791600,100,50.45,-104.62,19.4,6.93
Lompoc,1,US,1543792500,51,34.64,-120.46,62.06,11.41
Bud,68,NO,1543792800,93,62.91,6.91,41.0,5.82
Itoman,75,JP,1543793400,74,26.12,127.67,78.8,9.17
Tecpan,20,GT,1543791600,68,14.76,-90.99,69.8,11.41
Dikson,20,RU,1543794413,100,73.51,80.55,-17.17,26.98
Kimbe,56,PG,1543794413,97,-5.56,150.15,84.45,3.04
Bam,0,IR,1543794413,68,29.11,58.36,38.01,2.59
Hofn,80,IS,1543794414,100,64.25,-15.21,32.02,21.83
Saint-Pierre,90,FR,1543791600,100,48.95,4.24,59.0,19.46
Fomboni,24,KM,1543794414,100,-12.28,43.74,81.43,7.74
Bambous Virieux,20,MU,1543791600,88,-20.34,57.76,69.8,4.7
Hithadhoo,92,MV,1543794415,100,-0.6,73.08,76.93,4.83
Dubbo,8,AU,1543791600,27,-32.25,148.6,73.4,12.75
Kahului,40,US,1543791360,60,20.89,-156.47,82.94,14.99
Riverton,1,US,1543793700,85,43.02,-108.38,24.98,2.59
Tasiilaq,88,GL,1543791000,67,65.61,-37.64,21.2,6.93
Nanortalik,0,GL,1543794416,93,60.14,-45.24,23.65,13.33
Constitucion,5,MX,1543790460,10,23.99,-104.67,75.2,10.29
Nalut,8,LY,1543794416,83,31.86,10.98,36.66,4.61
Esperance,75,TT,1543791600,78,10.24,-61.45,77.0,4.7
Sumenep,68,ID,1543794416,100,-7.02,113.87,83.77,8.19
Byron Bay,40,AU,1543793400,54,-28.65,153.62,80.6,18.34
Vila Franca do Campo,75,PT,1543791600,100,37.72,-25.43,64.4,9.17
Roros,88,NO,1543792800,86,62.57,11.38,33.8,5.82
Rio Grande,0,BR,1543794417,89,-32.03,-52.1,61.95,14.79
Hasaki,75,JP,1543793400,81,35.73,140.83,50.0,3.36
Airai,0,TL,1543794417,87,-8.93,125.41,76.03,1.92
Iqaluit,90,CA,1543791600,85,63.75,-68.52,19.4,6.93
Port Hedland,40,AU,1543793400,65,-20.31,118.58,78.8,11.41
Lac du Bonnet,8,CA,1543794213,73,50.25,-96.06,12.27,7.96
Margate,75,AU,1543791720,62,-43.03,147.26,57.2,23.04
Athabasca,88,CA,1543794418,90,54.72,-113.29,23.16,8.97
Chulumani,100,BO,1543794418,100,-16.41,-67.53,53.13,2.04
Jumla,0,NP,1543794419,80,29.28,82.18,9.3,1.7
Ternate,20,PH,1543791600,78,14.29,120.72,78.8,3.36
Huinan,92,CN,1543794419,91,42.68,126.04,37.02,8.3
Khandbari,24,NP,1543794419,68,27.38,87.21,28.02,0.92
Hilo,90,US,1543791180,66,19.71,-155.08,78.98,11.41
Honiara,24,SB,1543794419,69,-9.43,159.96,86.47,2.59
Ixtapa,75,MX,1543790580,65,20.71,-105.21,80.6,10.29
Saskylakh,44,RU,1543794420,59,71.97,114.09,-11.86,3.38
Kloulklubed,75,PW,1543794600,79,7.04,134.26,84.2,8.05
Escarcega,0,MX,1543794420,46,18.61,-90.75,90.75,3.71
Ponta do Sol,68,BR,1543794420,98,-20.63,-46.0,66.94,2.82
Linares,20,CL,1543794420,79,-35.85,-71.6,63.34,2.04
Georgetown,40,GY,1543791600,94,6.8,-58.16,75.2,6.93
Russell,0,AR,1543794421,59,-33.01,-68.8,53.67,3.04
Zhuanghe,32,CN,1543794421,100,39.7,122.97,48.4,18.81
Langsa,64,ID,1543794421,88,4.47,97.97,69.33,2.26
Mahebourg,20,MU,1543791600,88,-20.41,57.7,69.8,4.7
Provideniya,75,RU,1543793400,79,64.42,-173.23,26.6,13.42
Alekseyevsk,44,RU,1543794422,61,57.84,108.35,-13.7,4.27
Pevek,68,RU,1543794422,100,69.7,170.27,-1.24,19.26
Smithers,90,CA,1543791600,68,54.78,-127.17,28.4,1.92
Port Augusta,40,AU,1543791600,55,-32.49,137.76,64.4,12.75
Placido de Castro,48,BR,1543794423,97,-10.34,-67.19,74.23,2.15
Flinders,0,AU,1543793400,25,-34.58,150.85,75.2,21.92
Lata,8,IN,1543794423,94,30.78,78.62,26.85,1.7
Araguaina,92,BR,1543794156,95,-7.19,-48.21,75.9,2.48
Tautira,40,PF,1543793400,59,-17.73,-149.15,89.6,9.17
La Ronge,90,CA,1543791600,92,55.1,-105.3,21.2,4.7
Galbshtadt,88,RU,1543794424,81,53.23,78.98,4.26,10.98
Bouna,24,CI,1543794424,52,9.27,-3.0,73.15,3.6
Upernavik,80,GL,1543794424,100,72.79,-56.15,20.91,7.74
Tibagi,12,BR,1543794424,89,-24.52,-50.41,61.99,3.04
Carlsbad,90,CZ,1543792920,100,50.23,12.87,46.4,3.36
Champerico,40,MX,1543791000,51,16.38,-93.6,86.0,8.05
Myitkyina,0,MM,1543794425,95,25.38,97.4,55.69,2.59
Broome,32,GB,1543792800,82,52.47,1.45,55.4,14.99
Sao Joao da Barra,100,BR,1543794425,100,-21.64,-41.05,75.04,8.52
North Platte,90,US,1543791180,81,41.12,-100.77,26.96,9.17
Altay,0,CN,1543794425,37,47.83,88.13,-28.37,2.15
Havre-Saint-Pierre,90,CA,1543791600,79,50.23,-63.6,28.4,9.17
Port Lincoln,80,AU,1543794426,85,-34.72,135.86,63.48,14.34
Axim,56,GH,1543794426,100,4.87,-2.24,82.87,5.17
Shache,0,CN,1543794426,74,38.42,77.24,12.9,6.62
Cidreira,0,BR,1543794427,81,-30.17,-50.22,60.06,10.42
Lander,75,US,1543791180,74,42.83,-108.73,24.98,4.7
Loudeac,90,FR,1543791600,100,48.18,-2.75,57.2,12.75
Acapulco,40,MX,1543791120,74,16.86,-99.88,84.2,5.82
Khatanga,56,RU,1543794427,40,71.98,102.47,-25.4,4.05
Kapit,88,MY,1543794427,96,2.02,112.94,74.46,2.15
Victoria,75,BN,1543793400,94,5.28,115.24,78.8,2.59
Newport,90,GB,1543792800,93,51.59,-3.0,55.4,16.11
Semey,76,KZ,1543794428,75,50.41,80.25,0.07,7.74
Kieta,24,PG,1543794429,95,-6.22,155.63,83.55,3.71
Cayenne,75,GF,1543793400,88,4.94,-52.33,78.8,5.82
Nishihara,75,JP,1543793400,76,35.74,139.53,55.4,1.12
Myaundzha,12,RU,1543794429,0,63.05,147.18,-50.2,2.48
Bethel,75,US,1543792200,100,60.79,-161.76,35.6,27.51
Awbari,0,LY,1543794430,70,26.59,12.77,38.68,6.51
Yar-Sale,88,RU,1543794430,88,66.83,70.83,-5.78,14.0
Santa Cruz,1,US,1543792500,54,36.97,-122.03,55.94,5.82
Conakry,32,GN,1543794431,100,9.52,-13.7,83.59,9.64
Skibbereen,75,IE,1543791600,100,51.55,-9.27,48.2,12.75
Kendari,12,ID,1543794159,91,-3.99,122.52,80.22,3.6
Taksimo,48,RU,1543794432,50,56.36,114.84,-19.51,3.27
Carman,24,CA,1543792500,100,49.51,-98.0,21.2,10.29
Pangnirtung,68,CA,1543794432,78,66.15,-65.72,14.25,6.62
Husavik,0,CA,1543794432,78,50.56,-96.99,10.78,9.19
Mount Isa,0,AU,1543793400,19,-20.73,139.49,95.0,10.29
Ostrovnoy,88,RU,1543794433,92,68.05,39.51,23.61,19.48
Bandarbeyla,48,SO,1543794433,100,9.49,50.81,78.96,16.8
Westport,56,IE,1543794433,100,53.8,-9.52,44.89,7.29
Shimoda,75,JP,1543791600,93,34.7,138.93,57.2,3.36
Yumen,76,CN,1543794433,78,40.29,97.04,12.04,10.31
Yellowknife,90,CA,1543791600,92,62.45,-114.38,14.0,6.93
Batagay-Alyta,56,RU,1543794434,56,67.8,130.41,-20.59,2.93
Zhangye,64,CN,1543794434,68,38.94,100.46,14.65,7.4
Rassvet,0,MD,1543793400,92,47.2,28.43,21.2,6.62
Guerrero Negro,0,MX,1543794434,76,27.97,-114.04,64.15,15.57
Torbay,90,CA,1543791600,100,47.66,-52.73,32.0,4.7
Zhigansk,0,RU,1543794435,0,66.77,123.37,-48.98,2.15
Leh,36,IN,1543794435,73,34.16,77.58,-13.21,1.7
Diego de Almagro,0,CL,1543794435,61,-26.39,-70.05,63.75,2.71
Alofi,44,NU,1543791600,62,-19.06,-169.92,86.0,6.93
Sayat,40,TM,1543791600,92,38.78,63.88,30.2,4.7
Grants Pass,90,US,1543792500,86,42.44,-123.33,46.94,2.04
Krasnyy Chikoy,44,RU,1543794436,43,50.36,108.75,-2.14,7.4
Preobrazheniye,48,RU,1543794436,84,42.9,133.91,34.95,2.48
Oudtshoorn,0,ZA,1543791600,82,-33.59,22.2,60.8,2.24
Havoysund,0,NO,1543792800,69,71.0,24.66,35.6,41.38
Remanso,36,BR,1543794437,97,-9.62,-42.08,78.15,8.19
Tura,0,IN,1543794437,83,25.52,90.21,52.77,2.71
Estevan,90,CA,1543792500,92,49.14,-102.99,19.4,4.7
Swellendam,12,ZA,1543791600,59,-34.02,20.44,66.2,6.93
Atar,0,MR,1543794437,28,20.52,-13.05,59.43,8.75
Harper,1,US,1543793700,37,30.3,-99.24,68.0,4.7
Penha,75,BR,1543791600,68,-26.78,-48.65,71.6,9.17
Porto Nacional,92,BR,1543794438,99,-10.7,-48.41,73.38,3.49
San Andres,0,PH,1543794438,100,13.32,122.68,81.03,16.13
Rockland,90,US,1543793820,100,42.13,-70.92,59.0,4.7
Antigonish,90,CA,1543791600,95,45.62,-61.99,32.0,8.05
Offa,48,NG,1543794438,80,7.97,4.32,76.98,6.96
Butembo,80,CD,1543794439,95,0.12,29.29,62.31,2.37
Hobyo,0,SO,1543794439,90,5.35,48.53,76.71,13.67
Praia da Vitoria,40,PT,1543791600,88,38.73,-27.07,64.4,7.07
Vredendal,0,ZA,1543794439,90,-31.68,18.49,46.6,2.48
Tianpeng,92,CN,1543794440,100,28.88,112.34,54.88,10.98
Padang,40,ID,1543791600,94,-0.92,100.36,75.2,2.24
Yakeshi,48,CN,1543794440,42,49.28,120.73,3.36,21.27
Carauari,64,BR,1543794299,92,-4.88,-66.9,78.6,3.94
Beringovskiy,0,RU,1543794440,100,63.05,179.32,8.13,18.81
Forest Park,20,US,1543792500,50,33.62,-84.37,66.02,5.82
Marienburg,20,DE,1543792800,87,52.12,9.98,53.6,10.29
Joshimath,0,IN,1543794441,100,30.57,79.57,-0.88,0.36
Faya,0,SA,1543791600,40,18.39,42.45,55.4,2.71
Mugur-Aksy,0,RU,1543794442,43,50.38,90.44,-32.29,2.37
Libenge,56,CD,1543794442,100,3.65,18.64,72.03,3.71
Coihaique,0,CL,1543791600,18,-45.58,-72.07,68.0,9.17
Ondo,8,NG,1543794442,88,7.1,4.83,75.63,3.38
Maceio,20,BR,1543791600,88,-9.67,-35.74,78.8,13.87
Port Blair,0,IN,1543794442,97,11.67,92.75,84.81,10.98
Aden,12,YE,1543794192,100,12.79,45.03,78.73,12.66
Klaksvik,92,FO,1543792800,74,62.23,-6.59,35.6,11.41
Kanniyakumari,12,IN,1543794443,100,8.08,77.57,80.22,20.27
Ancud,0,CL,1543791600,39,-41.87,-73.83,62.6,4.7
Severodvinsk,40,RU,1543793400,79,64.56,39.82,19.4,11.18
Etchojoa,75,MX,1543790760,38,26.91,-109.62,77.0,5.84
Prince Rupert,1,CA,1543791600,80,54.32,-130.32,39.2,2.24
Luderitz,36,NA,1543794444,77,-26.65,15.16,58.8,18.81
Mayo,75,CA,1543791600,76,63.59,-135.9,-4.01,2.93
Omihachiman,56,JP,1543794444,100,35.15,136.07,53.08,3.94
Sturgeon Bay,90,US,1543794000,86,44.83,-87.38,33.8,23.04
Lavrentiya,56,RU,1543794445,100,65.58,-170.99,24.87,10.87
Bezhetsk,76,RU,1543794445,92,57.78,36.69,17.58,7.74
Caborca,12,MX,1543794445,56,30.58,-111.1,54.07,3.6
Razole,44,IN,1543794445,100,16.48,81.84,77.88,12.33
Cherskiy,36,RU,1543794182,63,68.75,161.3,-7.9,5.17
Ondjiva,76,AO,1543794446,62,-17.07,15.73,72.88,15.46
Zauralskiy,20,RU,1543793400,85,54.79,61.24,12.2,4.47
Uyemskiy,40,RU,1543793400,79,64.47,40.85,19.4,11.18
Arequipa,0,PE,1543794446,52,-16.4,-71.54,35.8,2.59
Gaoual,0,GN,1543794446,78,11.75,-13.2,66.4,0.81
Buchanan,75,LR,1543793400,94,5.88,-10.05,78.8,4.94
Yining,92,CN,1543794447,100,29.04,114.56,58.57,1.92
Grand Gaube,20,MU,1543791600,88,-20.01,57.66,69.8,4.7
Galeana,0,MX,1543794447,36,24.83,-100.08,58.98,6.96
Leshukonskoye,48,RU,1543794447,54,64.9,45.76,24.82,9.98
Gravdal,92,NO,1543792800,100,59.79,5.78,44.6,9.17
Taltal,0,CL,1543794448,74,-25.41,-70.49,59.16,0.47
Qaqortoq,12,GL,1543794448,100,60.72,-46.03,21.67,3.71
Caravelas,92,BR,1543794448,100,-17.73,-39.27,75.27,18.25
Andapa,48,MG,1543794448,99,-14.66,49.65,68.43,1.7
Talnakh,20,RU,1543794448,66,69.49,88.39,-35.17,3.6
Muzaffarabad,0,PK,1543794449,84,34.37,73.47,35.85,2.71
Hohen Neuendorf,20,DE,1543792800,93,52.67,13.28,50.0,8.05
Cockburn Town,80,TC,1543794449,100,21.46,-71.14,79.95,17.47
Igrim,12,RU,1543794449,68,63.19,64.42,2.82,2.37
Koeru,88,EE,1543794449,89,58.97,26.03,18.43,9.86
Vostok,88,RU,1543794449,95,46.45,135.83,35.35,3.71
Mana,0,RS,1543793400,86,43.52,20.24,33.8,5.82
Werda,90,DE,1543792800,100,50.44,12.3,51.8,3.36
Salalah,0,OM,1543791000,56,17.01,54.1,73.4,2.24
Meadow Lake,90,CA,1543791600,85,54.13,-108.44,23.0,10.29
Jawhar,56,IN,1543794450,86,19.91,73.23,60.96,2.71
Zvishavane,36,ZW,1543794451,57,-20.32,30.05,62.62,2.82
Charters Towers,0,AU,1543794451,66,-20.07,146.27,89.53,4.94
Portland,40,US,1543791360,67,45.52,-122.67,48.02,2.15
Mumbwa,8,ZM,1543794451,75,-14.99,27.06,67.17,4.5
Izhmorskiy,64,RU,1543794451,81,56.19,86.64,-4.66,7.18
Strezhevoy,0,RU,1543793400,75,60.73,77.6,-14.81,6.71
Magadan,0,RU,1543794451,100,59.56,150.8,4.3,14.79
Narsaq,12,GL,1543794452,53,60.91,-46.05,-5.78,1.48
Songling,75,CN,1543793400,93,31.19,120.72,62.6,4.47
Sitka,12,US,1543794452,64,37.17,-99.65,37.56,9.42
Kharan,20,PK,1543794452,83,28.58,65.42,40.12,2.37
Loukhi,88,RU,1543794452,78,66.08,33.04,22.71,7.96
Lorengau,8,PG,1543794453,97,-2.02,147.27,85.08,4.83
Heihe,0,RU,1543793400,53,50.24,127.51,21.2,8.95
Talcahuano,40,CL,1543791600,72,-36.72,-73.12,62.6,6.93
Kaeo,92,NZ,1543794453,95,-35.1,173.78,64.15,18.92
Grand Forks,90,US,1543793700,92,47.91,-97.06,26.6,14.99
Matara,0,PE,1543794454,41,-13.74,-72.9,49.71,1.92
Cuenca,0,ES,1543794454,78,40.07,-2.13,27.52,2.15
Nelson Bay,20,AU,1543793400,44,-32.72,152.14,75.2,11.41
Gravelbourg,76,CA,1543794454,94,49.88,-106.56,23.7,4.72
Terme,80,TR,1543791000,93,41.21,36.97,39.2,3.36
Taveta,20,TZ,1543791600,83,-3.4,37.68,71.6,2.59
Aklavik,75,CA,1543791960,92,68.22,-135.01,28.4,10.29
Kavaratti,24,IN,1543794455,100,10.57,72.64,82.87,4.5
Ribeira Grande,92,PT,1543794455,100,38.52,-28.7,60.33,8.75
Luanda,40,AO,1543791600,88,-8.83,13.24,77.0,3.36
Bambanglipuro,92,ID,1543794456,100,-7.95,110.28,73.69,4.05
Mitu,8,IR,1543794456,80,36.2,46.09,20.73,2.37
Komsomolskiy,92,RU,1543794456,90,67.55,63.78,19.42,10.76
Opole Lubelskie,75,PL,1543793400,80,51.15,21.97,33.8,10.29
Auki,0,NG,1543794456,59,12.18,6.51,64.87,3.49
Pisco,40,PE,1543791600,30,-13.71,-76.2,71.6,20.8
Pundaguitan,32,PH,1543794457,100,6.37,126.17,81.97,4.72
Urucui,68,BR,1543794457,87,-7.23,-44.56,76.71,5.06
Puerto Lempira,88,HN,1543794457,77,15.27,-83.77,80.17,6.17
Erzin,75,TR,1543792800,81,36.95,36.2,53.6,5.82
Bethanien,20,NA,1543794457,35,-26.5,17.16,60.42,7.74
Mutoko,0,ZW,1543794458,80,-17.4,32.23,63.79,2.71
Mnogovershinnyy,88,RU,1543794458,73,53.94,139.92,5.88,3.15
Kurilsk,64,RU,1543794458,98,45.23,147.88,43.27,9.64
Blackfoot,90,US,1543793340,92,43.19,-112.35,28.94,13.87
Jiuquan,80,CN,1543794256,79,39.73,98.49,5.29,3.83
Lalganj,0,IN,1543793400,87,26.17,80.97,51.8,2.24
Manokwari,0,ID,1543794459,100,-0.87,134.08,81.93,2.59
Sai Buri,80,TH,1543794459,94,6.7,101.62,76.53,2.71
Iraquara,64,BR,1543794459,97,-12.24,-41.62,67.8,1.92
Najran,0,SA,1543791600,51,17.54,44.22,59.0,1.25
Meulaboh,44,ID,1543794459,100,4.14,96.13,78.6,3.49
Puerto Colombia,0,CO,1543791600,83,10.99,-74.96,80.6,16.11
Cajnice,0,BA,1543793400,86,43.56,19.07,33.8,5.82
Isiro,32,CD,1543794460,99,2.77,27.62,67.8,2.37
Khani,40,GE,1543793400,86,41.96,42.96,39.2,5.82
La Palma,44,CO,1543794461,92,5.36,-74.39,68.7,1.36
Riyadh,0,SA,1543791600,67,24.63,46.72,59.0,2.24
Eyl,0,SO,1543794461,100,7.98,49.82,75.13,14.79
Saint-Augustin,90,FR,1543791600,93,44.83,-0.61,55.4,8.05
Ouadda,80,CF,1543794462,76,8.07,22.4,66.63,2.71
Maxixe,20,MZ,1543794462,100,-23.86,35.35,72.7,10.2
Karlskrona,92,SE,1543792800,100,56.16,15.59,42.8,8.05
Hervey Bay,0,AU,1543791600,55,-25.3,152.85,86.0,12.75
Pastavy,76,BY,1543794462,91,55.11,26.84,27.7,12.44
Hidalgotitlan,40,MX,1543790760,55,17.78,-94.63,89.6,11.41
Ilulissat,80,GL,1543791000,79,69.22,-51.1,19.4,10.29
Wuwei,36,CN,1543794463,76,37.93,102.64,6.28,2.15
Birao,24,CF,1543794463,44,10.3,22.78,69.82,4.5
Ghorawal,0,IN,1543794463,85,24.75,82.78,52.54,2.71
Saint-Junien,92,FR,1543791600,100,45.89,0.9,53.6,11.41
Pihuamo,40,MX,1543790400,54,19.25,-103.38,78.8,5.82
Touros,40,BR,1543791600,88,-5.2,-35.46,80.6,12.75
Chipinge,24,ZW,1543794464,93,-20.19,32.62,65.73,2.93
Helong,0,CN,1543794464,81,25.94,116.13,54.3,2.59
Kaeng Khoi,0,TH,1543794263,91,14.59,101.0,71.67,2.82
Batemans Bay,0,AU,1543794464,59,-35.71,150.18,70.5,4.61
Hima,92,UG,1543794464,95,0.3,30.18,61.77,0.58
College,90,US,1543791360,87,64.86,-147.8,30.92,7.96
Walvis Bay,32,NA,1543791600,87,-22.95,14.51,59.0,4.7
Chistogorskiy,80,RU,1543794465,78,53.98,87.38,4.57,5.06
Petrykivka,90,UA,1543793880,100,48.71,34.62,14.0,3.6
Poum,68,MK,1543794465,80,41.28,20.71,23.7,1.03
Vilyuysk,76,RU,1543794466,87,63.75,121.63,-39.94,3.38
Chicama,0,PE,1543791600,83,-7.84,-79.15,69.8,6.93
Sohbatpur,32,PK,1543794466,87,28.52,68.54,59.25,2.71
Trincomalee,80,LK,1543794466,100,8.58,81.23,73.42,2.59
Moerai,0,PF,1543794466,100,-22.43,-151.33,81.3,2.15
Marsh Harbour,80,BS,1543794466,100,26.54,-77.06,80.08,13.67
Zhangjiakou,0,CN,1543794467,41,40.77,114.88,14.02,10.09
Laguna,75,MX,1543790760,38,27.52,-110.01,77.0,2.71
Nouadhibou,0,MR,1543794467,56,20.93,-17.03,68.25,11.88
Ranchi,20,IN,1543791600,87,23.37,85.33,55.4,2.93
Ust-Kuyga,44,RU,1543794467,42,70.0,135.55,-27.2,3.94
Jabinyanah,20,TN,1543791600,66,35.03,10.91,55.4,4.7
Ahipara,92,NZ,1543794468,100,-35.17,173.16,62.17,21.5
Astoria,75,US,1543791300,82,46.19,-123.83,46.04,6.93
Te Anau,0,NZ,1543794468,54,-45.41,167.72,69.55,8.19
Kudahuvadhoo,88,MV,1543794468,100,2.67,72.89,83.77,12.44
Aljezur,0,PT,1543794469,100,37.31,-8.8,54.57,5.17
Dzhebariki-Khaya,0,RU,1543794469,0,62.22,135.8,-52.13,2.59
Yatou,40,CM,1543791600,100,3.63,9.81,77.0,1.12
Biak,24,ID,1543794469,96,-0.91,122.88,81.7,2.04
Belmonte,88,PT,1543794469,89,40.36,-7.35,41.92,2.59
Sabha,0,LY,1543794470,72,27.03,14.43,38.82,5.06
Pucara,90,BO,1543791600,93,-21.7,-64.2,62.6,2.24
Fort Nelson,20,CA,1543791600,84,58.81,-122.69,6.8,3.36
Abu Samrah,88,SY,1543794470,95,35.3,37.18,48.45,7.4
Kiboga,20,UG,1543794471,96,0.92,31.77,64.78,2.71
Brandon,90,US,1543793880,77,43.59,-96.57,24.8,14.99
Amazar,64,RU,1543794471,43,53.86,120.88,-7.99,7.96
Halifax,90,CA,1543791600,100,44.65,-63.58,35.6,14.99
Kastamonu,12,TR,1543794471,79,41.38,33.78,22.03,2.48
Rock Sound,88,BS,1543794471,100,24.9,-76.2,80.53,12.21
North Bend,90,US,1543792440,93,43.41,-124.22,44.6,4.7
Caucaia,75,BR,1543791600,83,-3.73,-38.66,82.4,5.82
Souris,90,CA,1543791600,92,46.36,-62.25,30.2,10.29
Huancabamba,20,PE,1543794472,38,-5.24,-79.45,65.91,0.92
Aykhal,24,RU,1543794472,61,65.95,111.51,-34.63,2.82
Turukhansk,8,RU,1543794473,0,65.8,87.96,-46.37,3.15
Ocos,75,GT,1543791600,62,14.51,-92.19,84.2,4.7
Griffith,0,AU,1543791600,39,-34.29,146.06,66.2,12.75
Coari,68,BR,1543794473,98,-4.09,-63.14,75.22,6.96
Yuksekova,0,TR,1543791600,80,37.57,44.29,33.8,4.7
Nuuk,92,GL,1543791000,92,64.17,-51.74,24.8,3.36
Jiazi,12,CN,1543791600,100,19.61,110.49,68.0,5.95
Lithakia,44,GR,1543791000,86,37.72,20.83,39.2,2.24
Arona,8,IT,1543792800,81,45.76,8.56,39.2,3.36
Kibaya,20,RW,1543794474,87,-2.2,30.56,58.03,2.15
Norman Wells,75,CA,1543791600,92,65.28,-126.83,10.4,5.82
Yenagoa,12,NG,1543794475,93,4.92,6.26,74.95,5.17
Tingo Maria,90,PE,1543791600,83,-9.29,-76.01,75.2,0.81
Tomatlan,0,MX,1543794475,71,19.93,-105.25,74.91,2.71
Rabaul,12,PG,1543794475,97,-4.2,152.17,84.67,3.04
Hvide Sande,92,DK,1543792800,100,56.01,8.13,48.2,8.05
Parsabad,24,AZ,1543791600,100,39.65,47.92,39.2,2.24
Monki,92,PL,1543794476,93,53.41,22.8,27.93,14.79
Lucea,20,JM,1543791600,74,18.44,-78.17,82.4,11.41
Filadelfia,0,PY,1543794476,36,-22.35,-60.04,74.55,10.42
Kincardine,75,GB,1543792800,93,56.07,-3.72,42.8,1.12
Kaoma,0,ZM,1543794477,84,-14.8,24.8,67.39,2.82
Agadez,0,NE,1543794477,38,16.97,7.99,57.49,7.63
San Jose,0,PH,1543794191,84,15.79,120.99,75.4,2.93
Mae Hong Son,12,MM,1543794477,97,19.3,97.96,61.68,1.81
Balangir,56,IN,1543794478,82,20.7,83.49,55.6,2.82
Raudeberg,80,NO,1543792800,93,61.99,5.14,41.0,6.93
Wajir,24,KE,1543794478,95,1.75,40.07,68.2,2.93
Luba,0,PH,1543794479,72,17.32,120.7,72.25,5.17
Naze,40,NG,1543791600,88,5.43,7.07,78.8,7.74
Bubaque,0,GW,1543794479,100,11.28,-15.83,79.99,9.08
Sadiqabad,0,PK,1543794479,89,28.31,70.13,59.02,8.63
Kalmunai,76,LK,1543794479,100,7.42,81.82,74.14,5.73
Soyo,88,AO,1543794480,99,-6.13,12.37,73.87,3.38
Saldanha,48,PT,1543794480,96,41.42,-6.55,40.12,3.71
Kenai,90,US,1543792860,95,60.55,-151.26,35.06,3.36
Sao Jose da Coroa Grande,20,BR,1543794480,92,-8.9,-35.15,77.74,10.2
Alugan,76,PH,1543794480,100,12.22,125.48,78.64,9.75
Saint-Joseph,0,FR,1543791600,93,43.56,6.97,51.8,5.82
Pachino,20,IT,1543791000,100,36.72,15.09,50.0,3.36
Ajuchitlan,40,MX,1543790520,28,20.72,-100.02,71.6,17.22
Acari,0,BR,1543794481,65,-6.44,-36.64,77.83,9.64
Baiyin,20,CN,1543791600,85,36.55,104.13,15.8,2.24
Rocha,0,UY,1543794481,60,-34.48,-54.34,51.96,8.63
Ciucsangeorgiu,0,RO,1543794482,59,46.32,25.95,3.36,1.81
Manacapuru,0,BR,1543791600,83,-3.3,-60.62,80.6,6.93
Nanyang,92,CN,1543794483,99,33.0,112.53,42.37,9.53
San Policarpo,76,PH,1543794483,100,12.18,125.51,78.64,9.75
Poptun,12,GT,1543794483,59,16.33,-89.42,82.02,3.94
Keffi,0,NG,1543791600,69,8.85,7.88,75.2,5.82
Tapes,0,BR,1543794483,74,-30.67,-51.4,59.29,9.98
Port Hardy,40,CA,1543791600,86,50.7,-127.42,41.0,3.36
Esna,12,RO,1543794484,96,45.2,27.57,11.77,3.38
Tabuk,0,PH,1543794484,77,17.41,121.44,68.07,2.04
Guiratinga,64,BR,1543794484,91,-16.35,-53.76,74.05,2.93
Trinidad,0,UY,1543794484,48,-33.52,-56.9,56.1,7.29
Luwuk,24,ID,1543794484,96,-0.95,122.79,81.7,2.04
Tsumeb,24,NA,1543794485,63,-19.25,17.72,69.82,3.15
Sinnamary,80,GF,1543794485,100,5.38,-52.96,78.1,9.08
Kondinskoye,88,RU,1543794485,91,59.65,67.41,16.05,2.71
Garissa,92,KE,1543794485,99,-0.46,39.64,71.13,3.83
Anadyr,0,RU,1543793400,76,64.73,177.51,-4.01,6.71
Ust-Kan,36,RU,1543794486,69,50.93,84.77,-18.65,2.04
Fort William,92,GB,1543794469,100,56.82,-5.11,38.32,3.38
Oistins,20,BB,1543791600,69,13.07,-59.53,78.8,16.11
Eidsvoll,75,NO,1543792800,100,60.33,11.26,37.4,2.48
Richards Bay,92,ZA,1543794486,98,-28.77,32.06,69.87,2.15
Novikovo,44,UA,1543794486,100,45.05,34.56,22.75,2.93
Liverpool,75,GB,1543792800,76,53.41,-2.98,51.8,13.87
Chivay,0,PE,1543794487,37,-15.64,-71.6,37.92,4.16
Seohara,0,IN,1543794487,92,29.21,78.58,49.03,2.48
Moba,12,CD,1543794487,100,-7.04,29.77,67.35,5.73
Kargasok,64,RU,1543794487,75,59.06,80.87,-11.0,3.04
Tambovka,48,UA,1543794487,100,46.93,35.45,13.75,6.51
Bogorodskoye,88,RU,1543794488,84,52.37,140.44,2.82,3.71
Kayes,0,ML,1543794488,51,14.44,-11.44,67.3,4.16
Bilma,12,NE,1543794488,46,18.69,12.92,51.19,3.94
Ashington,40,GB,1543792800,81,55.18,-1.57,50.0,8.05
Rawson,0,AR,1543794488,36,-43.3,-65.11,71.31,4.16
San Cristobal Cucho,75,GT,1543791600,62,14.9,-91.78,84.2,4.7
Svetlaya,0,RU,1543794489,100,46.54,138.33,39.49,7.4
Haines Junction,24,CA,1543794489,87,60.75,-137.51,-5.33,1.48
Tokmak,36,UA,1543794489,61,47.26,35.7,7.45,4.94
Carndonagh,20,IE,1543794489,99,55.25,-7.27,45.7,15.12
Pacific Grove,1,US,1543792500,61,36.62,-121.92,55.4,5.82
Zyryanka,44,RU,1543794490,54,65.73,150.89,-4.25,8.63
Baracoa,0,CU,1543794490,100,20.35,-74.5,77.92,10.2
Mabaruma,88,GY,1543794490,78,8.2,-59.78,79.32,7.4
